"StandardNumber","Title","Scope","ClosingDate"
"SANS 10107 Ed 3.1","The design and installation of ceramic tiling","Amended to update referenced standards.","2026-02-18"
"SANS 10142-1 Ed 3.3","The wiring of premises Part 1: Low-voltage installations","Amended to update referenced standards, the clauses on installation requirements, special installation or locations, verifications and certification, to add a test report for electrical installation in medical locations and add the annex on test report for generating plants (GP) (PV/battery installations).","2026-03-01"
"SANS 10406 Ed 3","Transport of dangerous goods - The reprocessing of previously certified packaging.","This standard covers the procedures to follow for the reprocessing of previously certified packaging to ensure that the reprocessed packaging meets quality standards and that the safe transport of goods packaged in such reprocessed packaging is not compromised, and to promote the health and safety of employees, the public, and the environment.  In alignment with national, provincial and local requirements, this standard is intended to ensure that reprocessed packaging conforms to the highest standards as well as demonstrates extended procedure responsibility.","2026-02-18"
"SANS 1043 Ed 3.2","Disposable sanitary pads","Amended to change title, change the word ""towels"" and update requirements on packaging.","2026-03-24"
"SANS 10456 Ed 2","Building materials and products - Procedures for determining declared and design thermal values","Specifies methods for the determination of declared and design thermal values for thermally homogeneous building materials and products, together with procedures to convert values obtained
under one set of conditions to those valid for another set of conditions.","2026-03-24"
"SANS 10993-10 Ed 2","Biological evaluation of medical devices Part 10: Tests for irritation and delayed-type hypersensitivity.","This standard specifies the procedure for the assessment of medical devices and their constituent materials with regard to their potential to induce skin sensitization.","2026-02-18"
"SANS 110 Ed 1.6","Sealing compounds for the building industry, two-component, polysulphide base.","Amended to delete the annex on notes to purchasers.","2026-02-18"
"SANS 11137-1 Ed 2","Sterilization of health care products - Radiation Part 1: Requirements for development, validation and routine control of a sterilization process for medical devices.","This standard specifies requirements for the development, validation and routine control of a radiation sterilization process for medical devices.","2026-02-18"
"SANS 11193-1 Ed 3","Single-use medical examination gloves Part 1: Specification for gloves made from rubber latex or rubber solution.","This document specifies requirements for packaged sterile, or bulked non-sterile, rubber gloves intended for use in medical examinations and diagnostic or therapeutic procedures to protect the
patient and the user from cross-contamination. It also covers rubber gloves intended for use in handling contaminated medical materials and gloves with smooth surfaces or with textured surfaces over all or part of the glove.
This document is intended as a reference for the performance and safety of rubber examination gloves.
It does not cover the safe and proper usage of examination gloves and sterilization procedures with subsequent handling, packaging and storage procedures.","2026-02-18"
"SANS 11200 Ed 2 and ISO amdt 1","Acoustics - Noise emitted by machinery and equipment - Guidelines for the use of basic standards for the determination of emission sound pressure levels at a work station and at other specified positions.","This International Standard is the frame standard introducing the basic group, ISO 11201, ISO 11202,
ISO 11203, ISO 11204 and ISO 11205, on the determination of emission sound pressure levels at work stations and other specified positions. It gives guidance for:
— facilitating the writing of noise test codes;
— providing physical explanations of this noise emission quantity compared to other noise quantities (see 4.1 to 4.3);
— comparing the different measurement methods offered by the group (see Table 1);
— facilitating the choice of the most appropriate method(s) in typical practical situations (Clause 6).
This International Standard is largely based on flow charts and tables. Case studies are described.The guidance given applies to airborne sound only. It is for use in noise testing, in general, and in the preparation of noise test codes, in particular. A standardized noise test code is intended to select standards from the ISO 11201, ISO 11202, ISO 11203, ISO 11204 and ISO 11205 group, which are the most appropriate to the machinery family it covers, and which give detailed requirements on mounting and operating conditions for the particular family, as well as the location of the work station(s) and other specified positions as prescribed in these International Standards.
The data so obtained can be used for the declaration and verification of emission sound pressure levels, e.g. as specified in ISO 4871.[3]","2026-02-18"
"SANS 1129 Ed 1.5","Steel door frames.","This standard covers steel door frames (with or without fanlight frames) for walk-through doors","2026-02-18"
"SANS 1174 Ed 2.3","Bains-marie and hot cupboards","Amended to delete the notes to purchasers.","2026-02-18"
"SANS 1322 Ed 1.5","Portable, non-refillable fire extinguishers (general purpose type)","Amended to update referenced standards, subclauses on
marking, materials, and to delete the annex on notes to
purchasers.","2026-02-18"
"SANS 13253 Ed 3","Ducted air-conditioners and air-to-air heat pumps - Testing and rating for performance. t specifies performance testing, the standard conditions and the test methods for determining the capacity and efficiency ratings of air-cooled, air-conditioners and air-to-air heat pumps.","This document is applicable to the following equipment: — ducted air-cooled air conditioners and ducted air to air heat pumps. This document is limited to — residential, commercial and industrial single-package, and split-system air conditioners and heat pumps, — factory-made, electrically driven and use mechanical compression, — utilizing single, multiple and variable capacity components, and — multiple split-system utilizing one or more refrigeration systems, one outdoor unit and one or more indoor units, controlled by a single thermostat/controller. The requirements of testing and rating contained in this document are based on the use of matched assemblies. This document is not applicable to the rating and testing of the following: a) water-source heat pumps or water-cooled air-conditioners; b) multi-split-system air-conditioners and air-to-air heat pumps (see ISO 15042 for testing of such equipment); c) mobile (windowless) units having a condenser exhaust duct; d) individual assemblies not constituting a complete refrigeration system; e) equipment using the absorption refrigeration cycle; f) non-ducted equipment (see ISO 5151 for testing of such equipment); g) ducted air conditioners and/or ducted heat pumps, rated at less than 8 kW and intended to operate at external static pressures of less than 25 Pa, controlled by a single thermostat/controller (refer to ISO 5151). This document does not cover the determination of seasonal efficiencies, which can be required in some countries because they provide a better indication of efficiency under actual operating “conditions. NOTE Throughout this document, the terms “equipment “ and “systems” mean “air-conditioners” and/or “heat pumps”","2026-02-18"
"SANS 13370 Ed 2","Thermal performance of buildings - Heat transfer via the ground - Calculation methods.","Provides methods of calculation of heat transfer coefficients and heat flow rates for building elements in thermal contact with the ground, including slab-on-ground floors, suspended floors and basements.","2026-03-24"
"SANS 13408-1 Ed 2","Aseptic processing of health care products - Part 1: General requirements.","This document specifies the general requirements for, and offers guidance on, processes, programs and procedures for development, validation and routine control of aseptic processing of health care products.
This document includes requirements and guidance relative to the overall topic of aseptic processing.
Specific requirements and guidance on various specialized processes and methods related to sterilizing filtration, lyophilization, clean-in place (CIP) technologies, sterilization in place (SIP) and isolator systems are given in the other parts of the ISO 13408 series.","2026-02-11"
"SANS 1414 Ed 1.1","General specification and testing procedures for sealed insulated glass units (SIGU)","Amended to update referenced standards, and to delete reference
to a trade name.","2026-03-24"
"SANS 14520-1 Ed 4","Gaseous fire-extinguishing systems - Physical properties and system design Part 1: General requirements","Contains specific requirements for gaseous fire-extinguishing systems, with respect to the HFC 23 extinguishant.","2026-03-24"
"SANS 14520-17 Ed 1","Gaseous fire-extinguishing systems - Physical properties and system design Part 17: Halocarbon Blend 55.","Provides specific requirements for gaseous fire-extinguishing systems with respect to the Halocarbon Blend 55 extinguishant. It includes details of physical properties, specification, usage and safety aspects. It also covers systems operating at nominal pressures of 25 bar, 35 bar and 42 bar, superpressurized with nitrogen. This document does not preclude the use of other systems.","2026-03-24"
"SANS 15883-1 Ed 2","Washer-disinfectors Part 1: General requirements, terms and definitions and tests.","This standard specifies general performance requirements for washer-disinfectors (WD) and washer-disinfector accessories that are intended to be used for cleaning and disinfection of reusable medical devices.","2026-02-11"
"SANS 15883-2 Ed 2","Washer-disinfectors Part 2: Requirements and tests for washer-disinfectors employing thermal disinfection for critical and semi-critical medical devices","This standard specifies particular requirements for washer-disinfectors (WD) that are intended for use for the cleaning and thermal disinfection, in a single operating cycle, of re-usable medical devices such as surgical instruments, anaesthetic equipment, bowls, dishes and receivers, utensils and glassware.","2026-02-11"
"SANS 1599-1 Ed 1.6","Cranes Part 1: Cantilever/Slewing jib cranes","Amended to delete the annex on notes to purchasers","2026-02-11"
"SANS 15995 Ed 1","Gas cylinders - Specification and testing of LPG cylinder valves - Manually operated.","This standard specifies the requirements for design, specification, type testing and production testing and inspection of dedicated LPG manually operated cylinder valves for use with and directly connected to transportable refillable LPG cylinders.","2026-03-01"
"SANS 1638 Ed 3.1","Pneumatically powered chain hoists","Amended to correct the annex on testing of load limiters and to delete the annex on notes to purchasers.","2026-03-24"
"SANS 1661 Ed 4.3","Cord extension sets and cable reels","Amended to update referenced standards, the requirements for cord extension sets, and the requirements for daisy chains.","2026-02-18"
"SANS 17020 Ed 3","Conformity assessment — Requirements for bodies performing inspection","This document contains requirements for the competence of bodies performing inspection and for the impartiality and consistency of their inspection activities. It applies to inspection bodies of type A and type non-A, as defined in this document, and it applies to any stage of inspection.","2026-02-11"
"SANS 17298 Ed 1","Biodiversity - Considering biodiversity in the strategy and operations of organizations - Requirements and guidelines.","This standard specifies requirements and guidelines for organizations to consider biodiversity in their strategies and operations, thereby adopting a biodiversity approach.","2026-02-18"
"SANS 1746 Ed 1.3","Timber preservative - Tributyltin naphthenate-permethrin","amended to delete the annex on notes to purchasers.","2026-02-18"
"SANS 1812 Ed 1.1","Washable, reusable sanitary pads","Amended to change the title of the standard, to change the word ""towels"" to ""pads"" ,and to modify the requirements on packaging and marking.","2026-02-18"
"SANS 1825 Ed 4.4","Gas cylinder test stations - General requirements for periodic inspection and testing of transportable refillable gas pressure receptacles","Amended to update the foreword, referenced standards, terms and
definitions, the clauses on requirements, accreditation of test stations, identification of cylinder and preparation for inspections
and tests, cylinder records and inspection reports/certificates, and
on basic equipment, the annexes on withdrawn cylinder
specifications, LPG cylinder inspection and test procedures, and on
test date rings for cylinders.","2026-02-18"
"SANS 1853 Ed 3","Disinfectants, detergent-disinfectants and antiseptics for use in the food industry.","This standard specifies general requirements for disinfectants, detergent-disinfectants including antiseptics intended for use in the food industry that might come into contact with food, beverage and dairy products.","2026-03-24"
"SANS 19785-1 Ed 2","Information technology - Common Biometric Exchange Formats Framework Part 1: Data element specification.","This standard describes methods to define CBEFF patron formats using CBEFF data elements to specify the structure of BIRs, including the standard biometric headers (SBHs).","2026-02-18"
"SANS 2086 Ed 1","Single control progressive opening medical mixing taps","This standard Covers the requirements for metallic single control progressive opening medical mixer taps used in specialised medical applications with thermostatically controlled circulated hot water supply with short dead legs and with dynamically pressure balanced hot and cold water supply to a maximum pressure of 600 kPa and a temperature of up to 70 degrees Celcius.","2026-02-11"
"SANS 2096 Ed 1","Enzyme-linked Immunosorbent Assay (ELISA) for the Determination of Microcystin and Nodularin in Water Samples","This standard specifies the requirements for microcystin Enzyme-Linked Immunosorbent Assay (ELISA), an immunoassay for the quantitative and sensitive detection of microcystin and nodularin in water samples. These tests are suitable for the quantitative and qualitative (or both) detection of microcystin and nodularin in water samples.","2026-02-11"
"SANS 21149 Ed 2.1 and ISO amdt 1","Cosmetics — Microbiology — Enumeration
and detection of aerobic mesophilic bacteria","Amended to add a new culture medium as an alternative to Eugon LT 100 liquid broth.","2026-03-24"
"SANS 2144 Ed 1","Criteria for verification, uncertainty of measurement and quality assurance in hydrobiological testing","This standard specifies the requirements for verification, uncertainty of measurement, and
quality assurance of aquatic toxicity methods used in the testing laboratories.","2026-02-11"
"SANS 2145 Ed 1","General performance requirements for protective clothing","This standard specifies general performance requirements for protective clothing.","2026-02-11"
"SANS 2180-1 Ed 1","Mine shaft overwind protection - Part 1: Vocabulary","This standard defines the terms and definitions used in the SANS 2180 series to provide adequate protection against overwind events in vertical and incline mine shafts.","2026-03-01"
"SANS 2180-2 Ed 1","Mine shaft overwind protection - Part 2: Headgear overwind safety.","This standard defines the requirements to provide adequate protection against overwind events in vertical mine shafts.","2026-03-01"
"SANS 2180-3 Ed 1","Mine shaft overwind protection - Part 3:  Shaft hoist energy absorbing systems.","This standard focuses on the type of overwind that can occur that would cause the unwanted event whereby personnel can get exposed to risks resulting from this hazardous condition.","2026-03-01"
"SANS 2180-4 Ed 1","Mine shaft overwind protection - Part 4:   Winder and hoist system top overwind and bottom overwind controls and interlocks","This standard describes the design, validated by risk assessments considering potential risks such as injury to personnel, damage to the winder equipment and shaft infrastructure (which could also prevent timely extraction of personnel), of appropriate safety systems for winder and hoist system equipment.","2026-03-01"
"SANS 2180-5 Ed 1","Mine shaft overwind and underwind protection - Part 5: Requirements for shaft sinking.","This part of SANS 2180 covers overwind and underwind safety during shaft sinking., the scope is limited to:
a)  Vertical shafts of circular, oval, or rectangular cross section or all functionality e.g., ventilation, rock hoisting, or person hoisting.","2026-03-01"
"SANS 22002-5 Ed 1","Prerequisite programmes on food safety - Part 5: Transport and storage","This standard specifies, in conjunction with ISO 22002-100, requirements for establishing, implementing and maintaining prerequisite programmes (PRPs) to control food safety hazards in transport and storage in the food chain, including cross-docking and transshipment activities.","2026-02-18"
"SANS 22373 Ed 1","Security and resilience - Authenticity, integrity and trust for products and documents - Framework for establishing trustworthy supply and value chains.","This document introduces a structured way to establish and ensure trustworthiness along supply and value chains. As economies are moving towards more digital and connected supply chains, this document intends to support the management of trustworthiness along multiple supply and value chain stakeholders.This document develops and elaborates an approach that supports stakeholders in a supply and value chain to identify distinct trust domains (TDs). It includes guidelines for the identification of trustworthiness attributes and measures to achieve the targeted and required trustworthiness attributes. Moreover, an approach for identifying trust interaction points (TIPs) between different TDs and ensuring that each interaction in a supply and value chain is trustworthy, is elaborated in this document. Furthermore, this document aids the establishment of the chain of trustworthiness along supply and value chains. This document aims to serve as an enabler for systemization and automation of trustworthiness verification of supply and value chain participants, organizations, systems and their products. 
It also supports systematic digitalization of the supply and value chains based on their business objectives. By nature, security attacks against supply and value chains are becoming increasingly complex, regardless of industrial verticals or business contexts. That is especially why it is essential to establish, maintain, and protect the chain of trustworthiness along any supply and value chain by additional measures. Specific security measures are out of the scope of this document and are determined by each specific business case. In addition to supporting the chain of trustworthiness of supply and value chains, this document also supports agility as it enables the exchange of trustworthiness expectations and capabilities in a flexible and trustworthy manner. Using a unified data structure supports the achievement of several trustworthiness relevant properties, such as interoperability, robustness, accountability, and transparency while preserving privacy and confidentiality. Different technologies can be leveraged for the implementation of the approaches provided in this document. This document can also be used to support existing systems. This document is technology agnostic, and the aspects specified in this document can be implemented using various technologies such as PKI (Public Key Infrastructure) certificates, decentralized identifiers (DID) and verifiable credentials (VC).","2026-04-01"
"SANS 22378 Ed 1","Security and resilience - Authenticity, integrity and trust for products and documents - Guidelines for interoperable object identification and related authentication systems to deter counterfeiting and illicit trade","This document is based on three foundational assumptions:
• detecting counterfeit objects is a complex and often difficult task;
• accurate identity information about the object in question simplifies the counterfeit detection process;
• accurate identity information is often difficult and hard to find.

The main objective of this document is to simplify access and delivery of accurate identity information to inspectors when authenticating objects. To accomplish this objective, the document provides guidance intended to make object identity information easier to find and use. Identity data and information can be found in many places, including verification and authentication systems. This document will make it easier for inspectors to access identity information and granting inspectors access to reliable identity information helps facilitate the detection of counterfeits.

This document focuses attention on routing requests for object information to the appropriate authoritative service and then routing responses back to inspectors. Object identification systems commonly use unique identifiers (UID) to reference or access object information. 
UID can be assigned to a class of objects or can be assigned to distinct object. In either case, the UID can enhance detection of counterfeiting and fraud, although UIDs assigned to single instances can be more efficient","2026-04-01"
"SANS 22381 Ed 1","Security and resilience - Authenticity, integrity and trust for products and documents - Guidelines for establishing interoperability among object identification systems to deter counterfeiting and illicit trade.","This document gives guidelines for establishing interoperability among independently functioning product identification and related authentication systems, as described in ISO 16678. The permanent transfer of data from one system to another is out of the scope of this document. 

It also gives guidance on how to specify an environment open to existing or new methods of identification and authentication of objects, and which is accessible for legacy systems that may need to remain active.

It is applicable to any industry, stakeholder or user group requiring object 
identification and authentication systems. It can be used on a global scale, or in 
limited environments. This document supports those involved in planning and 
establishing interoperation","2026-04-01"
"SANS 22382 Ed 1","Security and resilience - Authenticity, integrity and trust for products and documents - Guidelines for the content, security, issuance and examination of excise tax stamps.","This document gives guidelines for the content, security, issuance and examination of physical tax stamps and marks used to indicate that the required excise duty or other applicable taxes identified with an item have been paid and to signify that the item is legitimately on the intended market.
Specifically, this document gives guidance on:
• defining the functions of a tax stamp;
• identifying and consulting with stakeholders;
• planning the procurement process and selection of suppliers;
• the design and construction of tax stamps;
• the overt and covert security features that provide protection of the tax stamp;
• the finishing and application processes for the tax stamp;
• security of the tax stamp supply chain;
• serialization and unique identifier (UID) codes for tax stamps;
• examination of tax stamps;
• monitoring and assessing tax stamp performance.","2026-04-01"
"SANS 22718 Ed 2 and ISO amdt 1","Cosmetics - Microbiology - Detection of Staphylococcus aureus","This International Standard gives general guidelines for the detection and identification of the specified microorganism Staphylococcus aureus in cosmetic products. Microorganisms considered as specified microorganism Staphylococcus aureus in cosmetic products. Microorganisms considered as 
specified in this International Standard might differ from country to country according to national practices or regulations. In order to ensure product quality and safety for consumers, it is advisable to perform an appropriate 
microbiological risk analysis to determine the types of cosmetic product to which this International Standard is applicable. Products considered to present a low microbiological (see ISO 29621) risk include those with low water activity, hydro-alcoholic products, extreme pH values, etc.
The method described in this International Standard is based on the detection of Staphylococcus aureus in a non-selective liquid medium (enrichment broth), followed by isolation on a selective agar medium.","2026-02-11"
"SANS 22989 Ed 1","Information technology - Artificial intelligence - Artificial intelligence concepts and terminology.","This standard establishes terminology for AI and describes concepts in the field of AI.","2026-02-18"
"SANS 23894 Ed 1","Information technology - Artificial intelligence - Guidance on risk management.","Provides guidance on how organizations that develop, produce, deploy or use products, systems and services that utilize artificial intelligence (AI) can manage risk specifically related to AI","2026-03-24"
"SANS 24183 Ed 1","Technical Communication — Vocabulary","This standard defines terms for the theory and application of technical communication, also prepares the terminological background for all other standards in the field of technical communication by providing precise definitions and standardized terms for basic concepts in this domain.","2026-02-11"
"SANS 24709-1 Ed 2","Information technology - Conformance testing for the biometric application programming interface (BioAPI) Part 1: Methods and procedures.","This standard specifies the concepts, framework, test methods, and criteria required to test conformity of biometric products claiming conformance to BioAPI (see ISO/IEC 19784-1).","2026-02-18"
"SANS 251 Ed 5.2","Long-link and extra-long-link medium tolerance steel chains for general purposes","Amended to delete the annex on notes to purchasers, and to update the note in the table for mechanical properties.","2026-03-24"
"SANS 2604 Ed 1","Simultaneous interpreting - Equipment – Requirements","This document specifies requirements for the equipment needed for simultaneous interpreting and for the quality of sound and image transmitted to interpreters and from interpreters to the audience, irrespective of the place in relation to speakers, signers, the audience and other interpreters.","2026-02-11"
"SANS 2605 Ed 1","Simultaneous interpreting - Interpreters' working environment - Part 2: Requirements and recommendations for mobile booths.","This standard specifies requirements and recommendations for the design of permanent booths for simultaneous interpreting in new or existing buildings, also ensures the usability and accessibility of booths for all interpreters.","2026-02-11"
"SANS 3001-GR1 Ed 1.4","Civil engineering test methods Part GR1: Wet preparation and particle size analysis","Amended to update referenced standards, and to update the clauses
on apparatus, and procedure.","2026-03-24"
"SANS 42001 Ed 1","Information technology - Artificial intelligence - management system.","This standard specifies requirements for establishing, implementing, maintaining, and continually improving an Artificial Intelligence Management System (AIMS) within organizations.","2026-02-18"
"SANS 42005 Ed 1","Information technology - Artificial intelligence (AI) - AI system impact assessment.","This standard provides guidance for organisations conducting AI system impact assessments.","2026-02-18"
"SANS 42006 Ed 1","Information technology - Artificial intelligence - Requirements for bodies providing audit and certification of artificial intelligence management systems","This standard specifies additional requirements for ISO/IEC 17021-1 in order to enable accredited and or peer assessed certification bodies to reliably audit the management system for organizations that develop or use AI systems or both according to ISO/IEC 42001 and to make an evaluation and decision for certification","2026-02-18"
"SANS 50054-3 Ed 2","Fire detection and fire alarm systems Part 3: Fire alarm devices – Sounders","This standard specifies the requirements, test methods and performance criteria for fire alarm sounders, including voice sounders, in a fixed installation intended to signal an audible warning between the fire detection and fire alarm systems and the occupants of a building (see EN 54-1:2011). This European Standard provides for the assessment and verification of constancy of performance (AVCP) of fire alarm sounders to this EN.This Standard is not intended to cover:
a) loudspeaker type devices primarily intended for emitting emergency voice messages that are generated from an external audio source;
b) supervisory sounders, for example, within the control and indicating equipment","2026-03-24"
"SANS 50197-6 Ed 1","Cement - Part 6: Cement with recycled building materials","This document specifies cement with recycled concrete fines whose intended use is the preparation of concrete, mortar, grout, etc.","2026-03-24"
"SANS 50868-3 Ed 3","Packaging for terminally sterilized medical devices Part 3: Paper for use in the manufacture of paper bags (specified in EN 868-4) and in the manufacture of pouches and reels (specified in EN 868-5) - Requirements and test methods","This document specifies test methods and values for paper used in the manufacture of single-use paper bags (specified in EN 868-4 [3]) and in the manufacture of single-use pouches and reels (specified in
EN 868-5 [4]) used as sterile barrier systems and/or packaging systems for terminally sterilized medical devices by means of sterilization processes that require properties specific to higher temperature sterilization, such as moist heat sterilization used in healthcare facilities. Other than the general requirements as specified in EN ISO 11607-1 and EN ISO 11607-2 [1], this part of EN 868 specifies materials, test methods and values that are specific to the products covered by this document.","2026-02-18"
"SANS 50868-4 Ed 3","Packaging for terminally sterilized medical devices Part 4: Paper bags - Requirements and test methods.","This document specifies test methods and values for single-use paper bags manufactured from paper specified in EN 868-3, used as sterile barrier systems and/or packaging systems for terminally sterilized medical devices. Other than the general requirements as specified in EN ISO 11607-1 and EN ISO 11607-2, this part of EN 868 specifies materials, test methods and values that are specific to the products covered by this document.","2026-02-18"
"SANS 50868-5 Ed 3","Packaging for terminally sterilized medical devices Part 5: Sealable pouches and reels of porous materials and plastic film construction - Requirements and test methods.","This document specifies test methods and values for sealable pouches and reels manufactured from porous materials complying with either EN 868 part 2, 3, 6, 7, 9 or 10 and plastic film complying with
Clause 4. These sealable pouches and reels are used as sterile barrier systems and/or packaging systems that are intended to maintain sterility of terminally sterilized medical devices to the point of use.
Other than the general requirements as specified in EN ISO 11607-1 and EN ISO 11607-2 this part of EN 868 specifies materials, test methods and values that are specific to the products covered by this document.
The materials specified in this part of EN 868 are intended for single use only.","2026-02-18"
"SANS 5151 Ed 3","Non-ducted air conditioners and heat pumps — Testing and rating for performance.","This document specifies performance testing, the standard conditions and the test methods for determining the capacity and efficiency ratings of air-cooled air conditioners and air-to-air heat pumps.","2026-03-24"
"SANS 52619 Ed 1","Stationary source emissions - Determination of the mass concentration of total gaseous organic carbon - Continuous flame ionisation detector method","This standard specifies a flame ionisation detector (FID) method.","2026-02-18"
"SANS 534-3 Ed 2.1","Vehicle security - Whole-of-vehicle marking Part 3: Microdot systems - Fitment under OEM control","Amended to provide for process when electronic proof of fitment is used, make job cards optional and add VIN label","2026-02-11"
"SANS 540-2 Ed 4.2","Fibreboard products Part 2: Coated fibreboard","Amended to remove reference to Notes to purchasers.","2026-02-18"
"SANS 55202 Ed 1","LPG equipment and accessories - Essential operational dimensions for LPG cylinder valve outlet and associated equipment connections.","This document specifies basic connection dimensions of LPG cylinder valves (manufactured in accordance with EN ISO 14245 and EN ISO 15995) and connectors (including pressure regulators) to enable them to be safely connected together.","2026-03-01"
"SANS 5667-6 Ed 3","Water quality - Sampling Part 6: Guidance on sampling of rivers and streams","This part of ISO 5667 sets out the principles to be applied to the design of sampling programmes, sampling techniques, and the handling of water samples from rivers and streams for physical and chemical assessment.
It is not applicable to the sampling of estuarine or coastal waters nor for microbiological sampling.","2026-02-11"
"SANS 60086-6 Ed 1","Primary batteries Part 6: Guidance on environmental aspects.","This standard applies to all chemistries of portable primary cells and batteries standardized in the 60086 series.","2026-02-11"
"SANS 60227-1 Ed 2","Polyvinyl chloride insulated cables of rated voltages up to and including 450/750 V Part 1: General requirements","This part of IEC 60227 applies to rigid and flexible cables with insulation, and sheath if any, based on polyvinyl chloride, of rated voltages Uo/U up to and including 450/750 V used in power installations of nominal voltage not exceeding 450/750 V AC. NOTE For some types of flexible cables the term ""cord"" is used. The particular types of cables are specified in IEC 60227-3, IEC 60227-4, IEC 60227-5, IEC 60227-6 and IEC 60227-7. The code designations of these types of cables are provided in this document. The test methods specified in this document, IEC 60227-3, IEC 60227-4, IEC 60227-5, IEC 60227-6 and IEC 60227-7 are given in IEC 63294, IEC 60332-1-2 and in the relevant parts of the IEC 60811 series.","2026-02-18"
"SANS 60317-12 Ed 3.1","Specifications for particular types of winding wires Part 12: Polyvinyl acetal enamelled round copper wire, class 120","Amended to update the clause on resistance to refrigerator","2026-02-18"
"SANS 60317-27-3 Ed 1.1","Specifications for particular types of winding wires - Part 27-3: Paper tape covered rectangular copper wire","Amended to update the foreword, and the referenced standards.","2026-02-18"
"SANS 60317-74 Ed 1.1","Specifications for particular types of winding wires -  Part 74: Polyesterimide enamelled rectangular aluminium wire,class 180","Amended to update the foreword, the referenced standards, the 
clauses on electrical resistance, and springless","2026-02-18"
"SANS 60335-2-11 Ed 6","Household and similar electrical appliances - Safety Part 2-11: Particular requirements for tumble dryers","This standard deals with the safety of electric tumble dryers intended for household and similar purposes, their rated voltage being not more than 250 V for single-phase appliances and 480 V for other appliances including direct current (DC) supplied appliances.","2026-02-11"
"SANS 60364-5-51 Ed 1","Electrical installations of buildings - Part 5-51: Selection and erection of electrical equipment - Common rules","This part of IEC 60364 deals with the selection of equipment and its erection. It provides common rules for compliance with measures of protection for safety, requirements for proper functioning for intended use of the installation, and requirements appropriate to the external influences foreseen.","2026-03-24"
"SANS 60364-5-52 Ed 1","Low-voltage electrical installations - Part 5-52: Selection and erection of electrical equipment - Wiring systems","Part 5-52 of IEC 60364 deals with the selection and erection of wiring systems.","2026-03-24"
"SANS 60364-5-53 Ed 1","Low-voltage electrical installations - Part 5-53: Selection and erection of electrical equipment - Devices for protection for safety, isolation, switching, control and monitoring","Provides requirements for:
a)isolation, switching, control and monitoring, and b)selection and erection of:
1) devices for isolation, switching, control and monitoring, and
2) devices to achieve compliance with measures of protection for safety.","2026-03-24"
"SANS 60364-5-54 Ed 1","Low-voltage electrical installations - Part 5-54: Selection and erection of electrical equipment - Earthing arrangements and protective conductors","Low-voltage electrical installations - Part 5-54: Selection and erection of electrical equipment - Earthing arrangements and protective conductors.","2026-03-24"
"SANS 60364-5-55 Ed 1","Electrical installations of buildings - Part 5-55: Selection and erection of electrical equipment - Other equipment","This standard Specifies requirements and recommendations for the selection and erection of low-voltage electric equipment not covered by other parts of IEC 60364-5, intended to be part of the fixed installation","2026-02-18"
"SANS 60364-5-56 Ed 1","Low-voltage electrical installations - Part 5-56: Selection and erection of electrical equipment - Safety services.","This standard covers general requirements for safety services, selection and erection of electrical supply systems for safety services and the electrical source for safety services.","2026-02-18"
"SANS 60364-7-701 Ed 1","Low-voltage electrical installations - Part 7-701: Requirements for special installations or locations - Locations containing a bath or shower.","The particular requirements of this part of IEC 60364 apply to electrical installations in indoor
or outdoor locations where a bath tub and/or a shower is intended to be permanently placed in a specific location.
The extent of the location containing a bath tub and/or a shower is limited by:
– the lowest finished floor level;
– a horizontal plane 3 m above the lowest finished floor level;
– a vertical circumscribing virtual surface at a distance of 4 m from the fixed water outlet for the bath tub or shower; and
– the volume within the walls, floor and ceiling that border the location containing a bath or shower, measured to a depth of 6 cm.","2026-02-18"
"SANS 60364-7-702 Ed 1","Low-voltage electrical installations - Part 7-702: Requirements for special installations or locations - Swimming pools and fountains","The particular requirements of this part of IEC 60364 apply to electrical installations of:
– basins of swimming pools and paddling pools and their surrounding zones;
– areas in natural waters, lakes in gravel pits and coastal and similar areas, specially intended to be occupied by persons for swimming, paddling and similar purposes, and their surrounding zones. Such areas in natural waters, lakes in gravel pits and coastal and similar areas, are considered as swimming pools;
– basins of fountains and their surrounding zones.","2026-02-28"
"SANS 60364-7-703 Ed 1","Electrical installations of buildings - Part 7-703: Requirements for special installations or locations - Rooms and cabins containing sauna heaters","The particular requirements of this part of IEC 60364 apply to:
– sauna cabins erected on site, e.g. in a location or in a room;
– the room where the sauna heater is, or the sauna heating appliances are installed. In this case the whole room is considered as the sauna.
They do not apply to prefabricated sauna cabins complying with a relevant equipment standard. Where facilities like cold water basins or showers, etc. are installed, the requirements of Part 7-701 also apply.","2026-02-18"
"SANS 60364-7-704 Ed 1","Low-voltage electrical installations - Part 7-704: Requirements for special installations or locations - Construction and demolition site installations","The requirements o f this part of IEC 60364 apply to installations for construction and demolition sites for use during the period of the construction or demolition work which are intended to be taken out of service upon completion of the works. Examples include the following:
• construction work of new buildings;
• repair, alteration, extension or demolition of existing buildings or parts of existing buildings;
• engineering works;
• earthworks;
• work of similar nature.
The requirements apply to fixed or moveable installations.
The requirements do not apply to installations in administrative locations of construction sites (e.g. offices, cloakrooms, meeting rooms, canteens, restaurants, dormitories, toilets).","2026-02-18"
"SANS 60364-7-705 Ed 1","Low-voltage electrical installations - Part 7-705: Requirements for special installations or locations - Agricultural and horticultural premises.","The requirements of this part of IEC 60364 apply to fixed electrical installations inside and outdoors of agricultural and horticultural premises. Some of the requirements are also applicable to other locations that are in common buildings belonging to the agricultural and horticultural premises.
Rooms, locations and areas for household applications and similar are not covered by this standard.
If some of the special requirements of Part 705 are also applicable for residences and other locations in such common buildings this is stated in the normative text.","2026-02-18"
"SANS 60364-7-706 Ed 1","Low-voltage electrical installations - Part 7-706: Requirements for special installations or locations - Conducting locations with restricted movement","The particular requirements of this part of IEC 60364 apply to:
• fixed equipment within conducting locations with restricted movement; and
• supplies to equipment used within conducting locations with restricted movement.","2026-03-24"
"SANS 60364-7-708 Ed 1","Low-voltage electrical installations - Part 7-708: Requirements for special installations or locations - Caravan parks, camping parks and similar locations","The particular requirements contained in this part of IEC 60364 apply only to circuits intended to supply leisure accommodation vehicles, tents or residential park homes in caravan parks,camping parks and similar locations.

NOTE For the purposes of this document caravan park includes camping parks and similar locations.

The particular requirements do not apply to the internal electrical installations of leisure accommodation vehicles, mobile or transportable units or residential park homes.","2026-03-24"
"SANS 60364-7-709 Ed 1","Low-voltage electrical installations - Part 7-709: Requirements for special installations or locations - Marinas and similar locations","Applies only to circuits intended to supply pleasure craft or houseboats in marinas and similar locations.","2026-03-24"
"SANS 60364-7-711 Ed 1","Low-voltage electrical installations - Part 7-711: Requirements for special installations or locations - Exhibitions, shows and stands.","The particular requirements of this part of IEC 60364 apply to the temporary electrical
installations of exhibitions, shows and stands (including mobile and portable displays and equipment).","2026-03-24"
"SANS 60364-7-713 Ed 1","Low-voltage electrical installations - Part 7-713: Requirements for special installations or locations – Furniture","The particular requirements of this part of IEC 60364 apply to the wiring system of furniture (and similar fitments) which is connected to the electrical installation.
Examples are beds, cupboards, desks and shop display cases, in which electrical equipment such as luminaires, installation couplers according to IEC 61535, socket-outlets, switching devices and wiring systems are installed.
The requirements of this part apply to all kinds of furniture, regardless of the connection to the electrical installation of the building, as long as the furniture together with its electrical installation is not the subject of another IEC publication. The requirements of this part apply to electrical equipment of furniture connected to a supply with a nominal voltage UO not exceeding 230 V and a total load current not exceeding 32 A.
These requirements do not apply to electrical appliances and equipment specifically designed for installation in furniture and which are the subject of other IEC standards, for example radios, TV receivers, refrigerators and laboratory tables, installed in the furniture and ready for connection to the electrical installations of buildings via plugs and socket-outlets. For special locations, other specific requirements may apply, for example see IEC 60364-7-701.","2026-02-18"
"SANS 60364-7-714 Ed 1","Low-voltage electrical installations - Part 7-714: Requirements for special installations or locations - External lighting installations","The particular requirements of this part of IEC 60364 apply to the selection and erection of
luminaires and lighting installations forming part of an outdoor fixed installation. The origin of the external lighting installation is the supply delivery point of electrical energy by the supply authority or the origin of the circuit supplying the external lighting installation exclusively.
The requirements apply to, for example, lighting installations for roads, parks, gardens, places open to the public, sporting areas, illumination of monuments, floodlighting, telephone kiosks, bus shelters, advertising panels, town plans and road signs. The requirements do not apply to:
– public street-lighting installations which are part of the public power grid;
– temporary festoon lighting;
– road traffic signal systems;
– luminaires which are fixed to the outside of a building and are supplied directly from the internal wiring of that building.
For lighting installations for swimming pools and fountains, see IEC 60364-7-702.","2026-03-24"
"SANS 60364-7-715 Ed 1","Low-voltage electrical installations - Part 7-715: Requirements for special installations or locations - Extra-low-voltage lighting installations","The particular requirements of this part of IEC 60364 apply to the selection and erection of extra-low-voltage lighting installations supplied from sources with a maximum rated voltage of 50 V a.c. or 120 V d.c.","2026-03-24"
"SANS 60364-7-716 Ed 1","Low-voltage electrical installations - Part 7-716: Requirements for special installations or locations - ELV DC power distribution over information and communications technology (ICT) cable infrastructure","This part of IEC 60364 specifies requirements in electrical installations for the distribution of
ELV DC power using balanced, information technology cables and accessories primarily designed for data transmission, as specified in terms of a category within the channels of ISO/IEC 11801-1 using power sourcing equipment in accordance with IEC 62368-3. Requirements are included for the design, erection, and verification of telecommunications infrastructure for the purpose of both telecommunications and distribution of ELV DC power. In addition, requirements are included for use of existing telecommunications infrastructure for distribution of ELV DC power.
The power delivery systems include, but are not restricted to, the Power over Ethernet systems specified by IEEE 802.3.
This document does not apply to the use of cables and accessories within the core and access networks for example private branch exchange (PBX).","2026-03-24"
"SANS 60364-7-717 Ed 1","Low-voltage electrical installations - Part 7-717: Requirements for special installations or locations - Mobile or transportable units.","The particular requirements as specified in this part of IEC 60364 are applicable to mobile or transportable units. For the purposes of this part, the term "" unit"" refers to a vehicle and/or mobile or transportable structure in which all or part of an electrical installation is contained. Units are either of the mobile type or of the transportable type. Examples are units for television and broadcasting, medical services, advertising, fire fighting, using special information technology, units for disaster relief, catering units and the like. The requirements of this part also apply where two or more units are connected together to form a single electrical installation (see 717.551.6 and 717.551.7). The requirements are not applicable to - electrical circuits and equipment for automotive purposes, - generating sets, - units covered by other parts of Part 7 (e.g. caravan and motor-caravan), - pleasure craft (see IEC 60092-507), - mobile machinery in accordance with IEC 60204-1, - traction equipment of electric vehicles, - mobile or transportable homes, offices and the like for extended use at the same location (see general rules of IEC 60364). Where applicable, additional requirements as laid down in other clauses of Part 7 are to be taken into consideration, e.g. for showers, medical locations, etc.","2026-03-24"
"SANS 60364-7-721 Ed 1","Low-voltage electrical installations - Part 7-721: Requirements for special installations or locations - Electrical installations in caravans and motor caravans.","The particular requirements of this part of IEC 60364 apply to electrical installations in caravans and motor caravans. They apply to those electrical circuits and equipment intended for the use of the caravan for habitation purposes. They do not apply to those electrical circuits and equipment for automotive purposes. They do not apply to the electrical installations of mobile homes, residential park homes and transportable units. NOTE 1 For mobile homes and residential park homes the general requirements apply. NOTE 2 For transportable units see IEC 60364-7-717. NOTE 3 For the purposes of this document, caravans and motor caravans are referred to as “caravans” The particular requirements of some parts from the IEC 60364-7 series can also apply to such installations in caravans, for example IEC 60364-7-701.","2026-03-24"
"SANS 60364-7-729 Ed 1","Low-voltage electrical installations - Part 7-729: Requirements for special installations or locations - Operating or maintenance gangways.","The requirements of this part of IEC 60364 apply to basic protection and other aspects in restricted access areas with switchgear and controlgear assemblies, including requirements for operating or maintenance gangways.","2026-03-24"
"SANS 60364-7-740 Ed 1","Electrical installations of buildings - Part 7-740: Requirements for special installations or locations - Temporary electrical installations for structures, amusement devices and booths at fairgrounds, amusement parks and circuses.","This part of IEC 60364 specifies the minimum electrical installation requirements to facilitate the safe design, installation and operation of mobile, temporarily or permanently installed electrical machines and structures which incorporate electrical equipment. The machines and structures are intended to be installed repeatedly, without loss of safety, temporarily or permanently, at fairgrounds, amusement parks, circuses or any other places. For non-electrical safety, refer to CEN TC 152. The object of this part of IEC 60364 is to define the electrical installation requirements for such structures and machines, both being either integral parts or constituting the total amusement device. This part does not apply to the electrical equipment of machines (see IEC 60204-1).","2026-03-24"
"SANS 60364-7-753 Ed 1","Low-voltage electrical installations - Part 7-753: Requirements for special installations or locations - Heating cables and embedded heating systems.","This part of IEC 60364 applies to embedded electric heating systems for surface heating. It also applies to electric heating systems for de-icing or frost prevention or similar applications. Both indoor and outdoor systems are covered. Heating systems for industrial and commercial applications complying with relevant parts of IEC 60519, IEC 62395 and IEC 60079 are not covered. NOTE Examples of heating systems covered by this standard are heating systems for walls, ceilings, floors, roofs, drainpipes, gutters, pipes, stairs, roadways, non-hardened compacted areas (e.g. football fields, lawns).","2026-03-24"
"SANS 60364-8-1 Ed 1","Low-voltage electrical installations - Part 8-1: Functional aspects - Energy efficiency.","This part of IEC 60364 provides additional requirements, measures and recommendations for the design, erection, operation and verification of all types of low voltage electrical installation including local production and storage of energy for optimizing the overall efficient use of electricity. It introduces requirements, recommendations and methods for the design and the energy efficiency (EE) assessment of an electrical installation within the framework of an energy efficiency management approach in order to get the best permanent functionally equivalent service for the lowest electrical energy consumption and the most acceptable energy availability and economic balance. These requirements, recommendations and methods apply, within the scope of IEC 60364 (all parts), for new installations and modification of existing installations. This document is applicable to the electrical installation of a building or system and does not apply to products. The energy efficiency of products and their operational requirements are covered by the relevant product standards. Where another standard provides specific requirements for a particular system or installation application (e.g. manufacturing system covered by ISO 20140 (all parts)), those requirements may supersede this document. This document does not specifically address building automation systems. This group energy efficiency publication is primarily intended to be used as an energy efficiency standard for the low voltage electrical installations mentioned in Clause 1, but is also intended to be used by technical committees in the preparation of standards, in accordance with the principles laid down in IEC Guide 119 and IEC Guide 118.","2026-03-24"
"SANS 60364-8-82 Ed 1","Low-voltage electrical installations - Part 8-82: Functional aspects - Prosumer's low-voltage electrical installations.","This standard provides requirements and recommendations that apply to low-voltage electrical installations connected or not to a distribution network able to operate: with local power supplies, and/or with local storage units, and that monitors and controls the energy from the locally connected sources delivering it to: current-using equipment, and/or local storage units, and/or distribution networks.","2026-02-18"
"SANS 60436 Ed 3","Electric dishwashers for household use - Methods for measuring the performance.","This document applies to electric dishwashers (3.1.1) for household and similar use that are supplied with hot and/or cold water.
The object of this document is to state and define the principal performance characteristics of electric dishwashers (3.1.1) for household and similar use and to describe the standard methods of measuring these characteristics.
This document is concerned neither with safety nor with minimum performance requirements.","2026-02-18"
"SANS 60437 Ed 1","Radio interference test on high-voltage insulators","This standard specifies the procedure for a radio interference (RI) test carried out in a laboratory on clean and dry insulators at a frequency of 0,5 MHz or 1 MHz or, alternatively, at other frequencies between 0,5 MHz and 2 MHz. This document applies to insulators for use on AC or DC overhead power lines and overhead traction lines with a nominal voltage greater than 1 000 V.","2026-02-13"
"SANS 6047 Ed 2.1","Water - Determination of dissolved oxygen in different water samples using the Winkler's method","Amended to change the title of the standard, and to update the clauses on principle and on procedure.","2026-02-18"
"SANS 60601-2-33 Ed 2","Medical electrical equipment Part 2-33: Particular requirements for the basic safety and essential performance of magnetic resonance equipment for medical diagnosis.","This standard applies to the basic safety and essential performance of magnetic resonance (MR) equipment and magnetic resonance (MR) systems.","2026-02-18"
"SANS 60942 Ed 3","Electroacoustics — Sound calibrators.","This document specifies the performance requirements for three classes of sound calibrator: class LS (Laboratory Standard), class 1 and class 2. Acceptance limits are smallest for class LS and greatest for class 2 instruments. Class LS sound calibrators are normally used only in the laboratory; class 1 and class 2 are considered as sound calibrators for field use. A class 1 sound calibrator is primarily intended for use with a class 1 sound level meter and a class 2 sound calibrator primarily with a class 2 sound level meter, as specified in IEC 61672-1.","2026-03-24"
"SANS 61643-21 Ed 2","Low voltage surge protective devices Part 21: Surge protective devices connected to telecommunications and signalling networks — Requirements and test methods.","This document, together with IEC 61643-01:2024, is applicable to devices for surge protection against indirect and direct effects of lightning or other transient overvoltages. These devices are intended to be connected to telecommunications and signalling networks, and equipment rated up to 1 000 V RMS and 1 500 V DC. These telecommunications and signalling networks can also provide power on the same line, e.g. Power over Ethernet (PoE). Performance and safety requirements, tests and ratings are specified in this document. These devices contain at least one voltage-limiting component (clamping or switching) and are intended to limit surge voltages and divert surge currents.","2026-03-24"
"SANS 62232 Ed 1","Determination of RF field strength, power density and SAR in the vicinity of base stations for the purpose of evaluating human exposure.","Provides methods for the determination of RF field strength, power density and specific absorption rate (SAR) in the vicinity of base stations (BS) for the purpose of evaluating human exposure.","2026-03-24"
"SANS 62282-3-400 Ed 1","Fuel cell technologies - Part 3-400: Stationary fuel cell power systems - Small stationary fuel cell power system with combined heat and power output.","This document applies to small stationary fuel cell power systems serving as a heating appliance providing both electric power and useful heat with or without a supplementary heat generator providing peak load function. This standard applies to fuel cell power systems that are intended to be permanently connected to the electrical system of the customer (end user). Direct connection to the mains (parallel operation) is also within the scope of this standard.","2026-02-11"
"SANS 62512 Ed 1","Electric clothes washer-dryers for household use - Methods for measuring the
Performance.","This document specifies the test methods for the testing of household combined washer-dryers in their function to wash and dry textiles. It does not apply for testing individual washing or drying functions. The object is to state and define the principal performance characteristics of household electric washer-dryers of interest to users and to describe standard methods for measuring these characteristics.","2026-02-11"
"SANS 62660-1 Ed 2","Secondary lithium-ion cells for the propulsion of electric road vehicles Part 1: Performance testing.","This standard specifies performance and life testing of secondary lithium-ion cells used for propulsion of electric vehicles including battery electric vehicles (BEV) and hybrid electric vehicles (HEV).","2026-02-11"
"SANS 62660-2 Ed 2","Secondary lithium-ion cells for the propulsion of electric road vehicles Part 2: Reliability and abuse testing.","This standard specifies test procedures to observe the reliability and abuse behaviour of secondary lithium-ion cells and cell blocks used for propulsion of electric vehicles including battery electric vehicles (BEV) and hybrid electric vehicles (HEV).","2026-02-11"
"SANS 62772 Ed 1","Composite hollow core station post insulators with a.c. voltage greater than 1 000 V and d.c. voltage greater than 1 500 V - Definitions, test methods and acceptance criteria.","This standard applies to composite hollow core station post insulators consisting of a load-bearing insulating tube (core) made of resin impregnated fibres, insulating filler material (solid, liquid, gaseous - pressurized or unpressurized), a housing (outside the insulating tube) made of polymeric material (for example silicone or ethylene-propylene) and fixing devices at the ends of the insulating tube.","2026-02-11"
"SANS 62896 Ed 1","Hybrid insulators for AC and DC for high-voltage applications greater than 1 000 V AC and 1 500 V DC - Definitions, test methods and acceptance criteria.","This standard applies to hybrid insulators for AC and DC applications greater than 1 000 V AC and 1 500 V DC consisting of a load-bearing insulating solid or hollow core consisting of ceramic or glass, a housing (defined geometry, outside the insulating core) made of polymeric material and end fittings permanently attached to the insulating core. Hybrid insulators covered by this document are intended for use as suspension/tension long rod and cap and pin type insulators, line post insulators, station post insulators and hollow core insulators for apparatus.","2026-02-11"
"SANS 62933-3-1 Ed 1","Electrical energy storage (EES) systems - Part 3-1: Planning and performance assessment of electrical energy storage systems - General specification.","This part of IEC 62933 is applicable to EES systems designed for grid-connected indoor or outdoor installation and operation. This document considers
• necessary functions and capabilities of EES systems
• test items and performance assessment methods for EES systems
• requirements for monitoring and acquisition of EES system operating parameters
• exchange of system information and control capabilities required Stakeholders of this document comprise personnel involved with EES systems, which includes
– planners of electric power systems and EES systems
– owners of EES system
– operators of electric power systems and EES systems
– constructors
– suppliers of EES system and its equipment
– aggregators
Use-case-specific technical documentation, including planning and installation specific tasks such as system design, monitoring and measurement,","2026-02-11"
"SANS 62933-4-4 Ed 1","Electrical energy storage (EES) systems - Part 4-4: Environmental requirements for battery-based energy storage systems (BESS) with reused batteries","This part of the IEC 62933 series describes environmental issues when reused batteries are considered for a BESS.
It provides details and requirements for identifying and preventing environmental issues in each life cycle stage, i.e., from the design to the disassembly of such reused batteries in a BESS.","2026-02-11"
"SANS 63056 Ed 1","Secondary cells and batteries containing alkaline or other non-acid electrolytes - Safety requirements for secondary lithium cells and batteries for use in electrical energy storage systems.","Specifies requirements and tests for the product safety of secondary lithium cells and batteries used in electrical energy storage systems (Figure 2) with a maximum DC voltage of 1 500 V (nominal).","2026-03-24"
"SANS 635 Ed 1.4","Elastomeric structural glazing and panel gaskets","Amended to delete the appendix on notes to purchasers.","2026-02-18"
"SANS 68 Ed 3","Single-use sterile rubber surgical gloves – Specification.","This document specifies requirements for packaged sterile rubber gloves intended for use in surgical procedures to protect the patient and the user from cross-contamination.
This document is applicable to single-use gloves that are worn once and then discarded. It does not apply to examination or procedure gloves.
This document covers gloves with smooth surfaces and gloves with textured surfaces over part or the whole glove.
This document is intended to be a reference for the performance and safety of rubber surgical gloves.
The safe and proper usage of surgical gloves and sterilization procedures with subsequent handling, packaging and storage procedures are outside the scope of this document.","2026-02-18"
"SANS 6887-3 Ed 2","Microbiology of the food chain - Preparation of test samples, initial suspension and decimal dilutions for microbiological examination Part 3:  Specific rules for the preparation of fish and fishery products.","This standard specifies rules for the preparation of fish and fishery product samples and their suspension for microbiological examination when the samples require a different preparation from the methods described in ISO 6887-1.","2026-02-11"
"SANS 80004-1 Ed 1","Nanotechnologies - Vocabulary - Part 1: Core terms.","This document defines core terms in the field of nanotechnology. This document is intended to facilitate communication between organisations and individuals in industry and those who interact with them.","2026-02-11"
"SANS 803 Ed 4.4","Fibre-cement boards","Amended to update the definition for ""acceptable"" and the referenced standards, and to exclude asbestos fibre.","2026-02-18"
"SANS 80601-2-72 Ed 2","Medical electrical equipment Part 2-72: Particular requirements for basic safety and essential performance of home healthcare environment ventilators for ventilator-dependent patients.","Replacement: NOTE 1 There is guidance or rationale for this subclause contained in Clause AA.2. This document applies to the basic safety and essential performance of a ventilator in combination with its accessories, hereafter referred to as ME equipment:
 — intended for use in the home healthcare environment; 
NOTE 2 In the home healthcare environment, the supply mains driving the ventilator is often not reliable. 
NOTE 3 Such ventilators can also be used in non-critical care applications of professional healthcare facilities.
 — intended for use by a lay operator; and 
— intended for those patients who need differing levels of support from artificial ventilation including for ventilator-dependent patients. 
A ventilator is not considered to use a physiologic closed-loop control system unless it uses a physiological patient variable to adjust the ventilation therapy settings. This document is also applicable to those accessories intended by their manufacturer to be connected to a ventilator breathing system or to a ventilator where the characteristics of those accessories can affect the basic safety or essential performance of the ventilator. EXAMPLE Breathing tubes, connectors, water traps, expiratory valve, humidifier, breathing system filter, external electrical power source, and distributed alarm system. 
NOTE 4 If a clause or subclause is specifically intended to be applicable to ME equipment only or to ME systems only, the title and content of that clause or subclause will say so. If that is not the case, the clause or subclause applies both to ME equipment and to ME systems, as relevant. Hazards inherent in the intended physiological function of ME equipment or ME systems within the scope of this document are not covered by specific requirements in this document except for the requirements specified in IEC 60601-1:2005+AMD1:2012+AMD2:2020, 7.2.13 and 8.4.1. 
","2026-03-24"
"SANS 819 Ed 3.6","Fibre-cement pipes, couplings and fittings for sewerage, drainage and low-pressure irrigation","amended to delete the annex on notes to purchasers.","2026-02-18"
"SANS 8429 Ed 1","Standard Test Method for Legionella pneumophila in Water Samples Using Legiolert 1,2.","This standard describes a simple procedure for the detection of Legionella pneumophila (L. pneumophila) in potable water and non-potable waters (cooling towers, for example).","2026-02-18"
"SANS 876 Ed 2.3 amdt 1","Cable terminations and live conductors within air-filled enclosures (insulation co-ordination) for rated a.c. voltages from 7,2 kV up to and including 36 kV","Amended to update the requirements and renumber the clauses
accordingly, to correct the format of symbols for clearance in the
table for minimum clearances for air-insulated cable terminations or
bare live conductors within air-filled enclosures, to update the
annex on the guide to purchasers on preparing an enquiry, and to
correct the text in the figure for air-insulated live conductor
arrangement (type 1).","2026-02-18"
"SANS 8825-2 Ed 2","Information technology - ASN.1 encoding rules - Part 2: Specification of Packed Encoding Rules (PER).","This standard specifies a set of Packed Encoding Rules that may be used to derive a transfer syntax for values of types defined in Rec. ITU-T X.680 | ISO/IEC 8824-1. These Packed Encoding Rules are also to be applied for decoding such a transfer syntax in order to identify the data values being transferred.","2026-02-18"
